"","Pval","ERRate","ERloglik","ERace","ARDRate0","ARDRate1","ARDloglik","ARDace","convergence"
"1",0.00360059109092829,0.0302926025218853,-54.9695951734577,1.02121907914103,0.0146062669018805,0.0493793199766861,-50.7320919533178,0.97415140604049,"Optimization has converged."
"2",0.114799359669305,0.0302926025218853,-54.9695951734577,1.02121907914103,0.0224515573277195,0.043154823499017,-53.726156953897,0.913988171352376,"Optimization may not have converged.  Consider increasing maxit."
"3",0.398807102225983,0.0302926025218853,-54.9695951734577,1.02121907914103,0.0257699055382895,0.0425532197439842,-54.6136350947276,0.91810456057304,"Optimization has converged."
"4",0.113084448114669,0.0302926025218853,-54.9695951734577,1.02121907914103,0.0230675912276506,0.0440611148885259,-53.714306171753,0.982072359327565,"Optimization has converged."
"5",0.306202683989857,0.0302926025218853,-54.9695951734577,1.02121907914103,0.0244693289068707,0.0370335604652775,-54.4461030897315,0.999148492373721,"Optimization has converged."
"6",0.0308339120899347,0.0302926025218853,-54.9695951734577,1.02121907914103,0.0201287581248503,0.053006623796015,-52.6385021938298,1.07024369923265,"Optimization has converged."
"7",0.0646381686357895,0.0302926025218853,-54.9695951734577,1.02121907914103,0.0219509211743137,0.0476149304484008,-53.2625006931412,0.984339212550987,"Optimization has converged."
"8",0.0326932877663259,0.0302926025218853,-54.9695951734577,1.02121907914103,0.0181942428230992,0.0445676679452085,-52.6887106684317,1.02111117898377,"Optimization has converged."
"9",0.0936561874181789,0.0302926025218853,-54.9695951734577,1.02121907914103,0.0199665048830133,0.043335733450821,-53.5644051633294,0.943716840054361,"Optimization has converged."
"10",0.863261786054487,0.0302926025218853,-54.9695951734577,1.02121907914103,0.0292585046377055,0.0320186190874571,-54.9547646982607,1.02284116505945,"Optimization has converged."
